1	MAHXKe1pP6o	mcp-Canva-blob-1791221981419-4zhwnl.jpg
2	MAHXKbW6K1E	mcp-Canva-blob-1791221986636-tnmvp8.jpg
3	MAHXKXg8pcA	mcp-Canva-blob-1791221992144-hp68c5.jpg
4	MAHXKU8FVYE	mcp-Canva-blob-1791221997928-1qhfbp.jpg
5	MAHXKYe3IGY	mcp-Canva-blob-1791222004170-ggrwjc.jpg
6	MAHXKbHY3_4	mcp-Canva-blob-1791222009720-43zmdt.jpg
7	MAHXKeE7JeE	mcp-Canva-blob-1791222015436-3e58jr.jpg
8	MAHXKdDkJpk	mcp-Canva-blob-1791222020636-r5hb7j.jpg
9	MAHXKRDXVSU	mcp-Canva-blob-1791222062405-jx4mts.jpg
10	MAHXKUMMc9E	mcp-Canva-blob-1791222067732-3x8ejo.jpg
11	MAHXKduuBeA	mcp-Canva-blob-1791222072843-3gmkl4.jpg
12	MAHXKXccRGk	mcp-Canva-blob-1791222078061-yhlnaq.jpg
13	MAHXKa5aqGY	mcp-Canva-blob-1791222084024-9m0o5m.jpg
14	MAHXKacGi4o	mcp-Canva-blob-1791222090625-9yw1zk.jpg
15	MAHXKXhY_zE	mcp-Canva-blob-1791222097920-jndim3.jpg
16	MAHXKUoa8vg	mcp-Canva-blob-1791222105397-4aitg8.jpg
17	MAHXKTGLc0I	mcp-Canva-blob-1791222146474-pqjcsf.jpg
18	MAHXKS9aAmk	mcp-Canva-blob-1791222153003-63oiw7.jpg
19	MAHXKbRZUG8	mcp-Canva-blob-1791222159181-mk8yjq.jpg
20	MAHXKcVyw-0	mcp-Canva-blob-1791222166100-zcammc.jpg
21	MAHXKcuh38E	mcp-Canva-blob-1791222172772-zmp4sz.jpg
22	MAHXKRKiw98	mcp-Canva-blob-1791222179778-hq5s85.jpg
23	MAHXKQPyDjQ	mcp-Canva-blob-1791222187010-rdfv4n.jpg
24	MAHXKUte4Ws	mcp-Canva-blob-1791222194427-9tg30h.jpg
25	MAHXKeXjBOU	mcp-Canva-blob-1791222243643-dutek0.jpg
26	MAHXKTzR5-4	mcp-Canva-blob-1791222249847-025fmg.jpg
27	MAHXKdYCqdw	mcp-Canva-blob-1791222256802-umd3n7.jpg
28	MAHXKXEdRIQ	mcp-Canva-blob-1791222263356-4gb67c.jpg
29	MAHXKZ8rDIQ	mcp-Canva-blob-1791222270314-uqzrmz.jpg
30	MAHXKQq2Wk8	mcp-Canva-blob-1791222277063-9t53mx.jpg
31	MAHXKVo1wlE	mcp-Canva-blob-1791222285126-fd04i1.jpg
32	MAHXKSWi_Sc	mcp-Canva-blob-1791222292388-lmzc4c.jpg
33	MAHXKSnXRoo	mcp-Canva-blob-1791222374599-hniibf.jpg
34	MAHXKexMFxM	mcp-Canva-blob-1791222374817-o1vgf0.jpg
35	MAHXKcmYQPU	mcp-Canva-blob-1791222374886-sgumpl.jpg
36	MAHXKSbzXC4	mcp-Canva-blob-1791222374490-ba91gt.jpg
37	MAHXKbrUoS8	mcp-Canva-blob-1791222375153-sz1rkj.jpg
38	MAHXKae8uvo	mcp-Canva-blob-1791222374533-9x8ln2.jpg
39	MAHXKedHe5U	mcp-Canva-blob-1791222374572-y50hxi.jpg
40	MAHXKTmwFfY	mcp-Canva-blob-1791222374544-hr5rot.jpg
belongs	MAHXKdbTkMI	mcp-Canva-blob-1791222374609-b7nqa7.jpg
cover	MAHXKVtUXEg	mcp-Canva-blob-1791222374623-zakreh.jpg
